id,english,japanese,grade
1,wolf,【名】オオカミ （【複】wolves）,1
2,bark,【自】（イヌなどが）ほえる,3
3,nest,【名】（鳥・昆虫などの）巣,1
4,raise,【他】（物・体）を上げる；を育てる； （資金）を集める；（問題など）を提起する,2
5,rear,【名】（the）後部 【形】後部の 【他】（人が）（子供や動物）を育てる,3
6,lift,【他】を（持ち）上げる；を高揚させる 【自】上がる；高揚する 【名】上がること；（車などに目的地まで無料で）乗せること,3
7,breed,【自】子を産む 【他】（動植物）を育てる 【名】品種 bred＞bred,3
8,female,【形】【名】女性（の）；雌（の）（⇔male）,2
9,birth,【名】誕生,2
10,dawn,【名】夜明け；（the）（時代などの）始まり,2
11,dig,【他】【自】掘る；探究する dug＞dug ＞digging,2
12,hole,【名】穴,1
13,gap,【名】割れ目；（時間的）空白；（見解などの）相違,4
14,within,【前】の内部に；の範囲内で；～以内に,3
15,inside,【前】の中に[へ；の] 【副】中に 【形】中の；内部の 【名】内側,2
16,while,【接】する間に；の間ずっと；その一方で（≒whereas） 【名】時間,3
17,hunt,【自】【他】狩る；捜す 【名】探索；狩り,2
18,instead,【副】その代わりに,3
19,behind,【副】【前】（の）後ろに；（...よりも）劣って,3
20,guard,【他】を守る；を見張る 【名】警備（員）,4
21,history,【名】歴史(学),5
22,tie,【名】きずな；ネクタイ；ひも；同点 【他】を結ぶ；をつなぐ,4
23,bond,【名】きずな 【他】をくっつける,6
24,rope,【名】なわ；（the 複）秘訣,2
25,culture,【名】文化,6
26,cultivate,【他】を耕す；を栽培する；（技能など）を養う,5
27,plant,【名】植物；工場 【他】を植える,1
28,lawn,【名】芝生,4
29,bush,【名】低木；茂み,3
30,bamboo,【名】竹,4
31,biology,【名】生物学,5
32,unique,【形】特有の（to）,4
33,peculiar,【形】奇妙な；特有の（to）,5
34,matter,【名】問題；【複】事態；物質 【自】重要である,3
35,taste,【名】味；好み（for） 【自】（～な）味がする 【他】の味を見る,3
36,flavor,【名】風味 【他】に風味をつける,3
37,cause,【他】を引き起こす 【名】原因（⇔effect）；根拠；主義,1
38,persuade,【他】を説得する,4
39,fact,【名】事実（⇔fiction）,4
40,treat,【他】を処理する；を治療する；におごる 【名】おごり；もてなし,3
41,pick,【他】【自】（花・果実などを）摘む；選ぶ,2
42,physical,【形】身体の（⇔mental）；物質の,3
43,manual,【形】手の；手を使う 【名】説明書,5
44,gesture,【名】身ぶり,5
45,meaning,【名】意味；意図,4
46,misunderstand,【他】【自】誤解する,4
47,signal,【名】合図；信号（機） 【他】に合図する,3
48,embarrass,【他】を当惑させる,5
49,foreign,【形】外国の；異質の,2
50,alien,【形】外国（人）の；異質な 【名】外国人；宇宙人,6
51,exotic,【形】異国風の；（動植物などが）外来の,5
52,overseas,【副】海外へ〔で〕 【形】海外の,4
53,domestic,【形】国内の；家庭の,3
54,refugee,【名】難民,6
55,count,【他】を数える 【自】重要である 【名】計算,2
56,counterpart,【名】（対の）片方；似たもの,6
57,numerous,【形】多数の,4
58,calculate,【他】を計算する；と見積もる,3
59,index,【名】索引；指標,4
60,common,【形】普通の；共通の,2
61,familiar,【形】（人に）なじみのある（to）；（物事に）精通した（with）,4
62,mutual,【形】相互の；共通の,5
63,puzzle,【他】を困らせる（≒embarrass） 【名】わからないこと；パズル,4
64,reply,【自】【他】答える（to） 【名】答え,1
65,role,【名】役割（≒part）,4
66,roll,【自】転がる 【他】を転がす；を丸める,2
67,healthy,【形】健康な,3
68,mammal,【名】哺乳動物,4
69,produce,【他】を生産する；をもたらす 【名】農産物,3
70,reproduce,【他】を再生する；（子）を繁殖させる 【自】繁殖する,6
71,suffer,【自】苦しむ（from）；害を受ける 【他】（苦痛・損害）を受ける,4
72,lack,【名】不足（of） 【他】を欠いている,3
73,however,【副】しかし；どんな...でも；どのように...しても,4
74,nevertheless,【副】それにもかかわらず,6
75,nonetheless,【副】それにもかかわらず,6
76,whenever,【接】...する時はいつも；いつ...しようとも,5
77,wherever,【接】...するところはどこでも；どこに〔へ〕...しようとも,5
78,whatever,【接】...することは何でも；何が〔何を〕...しようとも,5
79,ape,【名】類人猿,6
80,primate,【名】霊長類の動物,6
81,mark,【名】印；標的；記号；点数（≒score） 【他】に印をつける；を示す；を特徴づける,3
82,target,【名】（攻撃の）的；達成目標 【他】をねらう,4
83,skin,【名】皮膚；皮,2
84,tooth,【名】歯（【複】teeth）,1
85,decay,【自】腐る；荒廃する 【名】腐敗；衰退,4
86,area,【名】部分；地域（≒region）；分野（≒field）,2
87,bleed,【自】出血する（from）,4
88,plenty,【名】たくさん（of）,3
89,fresh,【形】新鮮な,2
90,chimpanzee,【名】チンパンジー（省略形はchimp）,6
91,cattle,【名】（集合的に）ウシ,2
92,deer,【名】シカ（【複】deer）,2
93,rat,【名】ネズミ,2
94,sheep,【名】ヒツジ（【複】sheep）,1
95,dolphin,【名】イルカ,4
96,whale,【名】クジラ,3
97,shark,【名】サメ,4
98,dinosaur,【名】恐竜,4
99,drug,【名】薬；麻薬,3
100,abuse,【他】を乱用する；を虐待する 【名】乱用；虐待,6
101,amount,【名】総額；量（of） 【自】総計～に達する（to）；等しい（to）,4
102,sum,【名】金額；（the）合計；（the）要点 【他】を要約する,3
103,mind,【名】精神；頭脳；意見；注意（力）；記憶（力） 【自】【他】嫌がる；気をつける,3
104,definition,【名】定義；限定,4
105,separate,【他】を分ける；を引き離す：を区別する 【形】離れた；別々の,3
106,split,【他】を分ける（into） 【自】分裂する split＞split 【名】分裂；裂け目（in）,4
107,extract,【他】を抽出する；を引き[抜き]出す 【名】抽出物；抜粋（≒essence）,4
108,isolate,【他】を孤立させる；を隔離する（from）,5
109,interval,【名】（時間や空間の）間隔,4
110,usually,【副】たいてい,3
111,unusual,【形】普通でない,3
112,poison,【名】毒（物）,4
113,carefully,【副】注意深く；注意して,2
114,control,【他】を制御する；を支配する 【名】支配（力）；抑制,3
115,discipline,【名】訓練；しつけ；規律 【他】を訓練する；をしつける；を罰する,6
116,punish,【他】を罰する,3
117,penalty,【名】罰（金）,5
118,alcohol,【名】アルコール,4
119,pub,【名】居酒屋,6
120,smoke,【名】煙；喫煙 【自】【他】（タバコを）吸う,3
121,cigarette,【名】（紙）巻きタバコ,4
122,instance,【名】実例；（特定の）場合（≒case）,4
123,instant,【形】即刻の【名】瞬間,4
124,depend,【自】頼る；～次第である（on）,3
125,steal,【他】（物）を（こっそり）盗む 【自】（副詞（句）を伴って）そっと行く stole>stolen,3
126,rob,【他】（人など）から奪い取る（of）,3
127,deprive,【他】（人）から奪う（of）,5
128,strip,【他】を奪う；を取り除く 【名】（紙・土地などの）細長い一片,6
129,thief,【名】泥棒,4
130,theft,【名】窃盗（罪）,5
131,murder,【名】殺人（事件）,4
132,suicide,【名】自殺,3
133,aware,【形】気づいて（of，that節）,4
134,conscious,【形】気づいて（of，that節）；意識的な,4
135,liquid,【名】【形】液体（の）,4
136,solid,【形】固体の；固い；（構造などが）しっかりした 【名】固体,4
137,melt,【自】溶ける；和らぐ 【他】を溶かす,2
138,dirt,【名】泥；汚れ,2
139,mud,【名】泥,4
140,clay,【名】粘土,4
141,bacteria,【名】バクテリア；細菌（単数形 bacterium）,6
142,sense,【名】感覚；思慮；意識；意味 【他】を感じる,3
143,rough,【形】ざらざらした（⇔smooth）；おおよその；粗野な,4
144,approximately,【副】おおよそ,5
145,mild,【形】（程度などが）軽い；（食物が）まろやかな；（天候･気候が）穏やかな,4
146,gentle,【形】（人・動作・声が）優しい,3
147,smooth,【形】平らな；なめらかな（⇔rough）；順調な,3
148,surface,【名】表面；（the）外観,3
149,determine,【他】を決心する；を決定する,4
150,identify,【他】を特定する；の身元を確認する；を同一視する,5
151,pale,【形】（病気などで）青白い,3
152,state,【名】状態；国家；州 【他】を述べる,2
153,federal,【形】連邦の,6
154,sweat,【自】汗をかく 【名】汗,2
155,stress,【名】ストレス；圧力；強調 【他】を強調する,4
156,convenient,【形】（時間・場所・物が）便利な；都合のよい,3
157,though,【接】...にもかかわらず 【副】（通例文尾で）でも,3
158,discrimination,【名】差別；区別,6
159,bias,【名】偏見；先入観（against）,6
160,prejudice,【名】先入観；偏見（against）,6
161,stereotype,【名】固定観念,6
162,reason,【名】理由；道理；理性 【他】【自】推論する,2
163,logic,【名】論理（学）；必然性,6
164,rational,【形】理性的な；合理的な,6
165,past,【名】（the）過去 【形】過去の；ここ～（年月など）の 【前】を過ぎて,2
166,quite,【副】かなり（≒rather）；まったく（≒completely）,3
167,pretty,【副】かなり 【形】かわいらしい,3
168,expensive,【形】高価な,3
169,precious,【形】貴重な；（貴金属などが）高価な,2
170,cheap,【形】安い；安っぽい,2
171,rich,【形】裕福な；豊富な（in）,2
172,abundant,【形】豊富な,4
173,poor,【形】貧しい；粗末な；かわいそうな,2
174,afford,【他】（～を持てるだけの経済的）余裕がある；（機会など）を与える,5
175,wealthy,【形】裕福な；豊富な,4
176,servant,【名】召使い,5
177,slave,【名】奴隷；とりこ,4
178,master,【名】主人；名人 【他】（完全に）を習得する,2
179,dress,【他】に衣服を着せる 【名】ドレス；衣服,2
180,regard,【他】（regard A as B）AをBとみなす；を尊重する 【名】敬意；注意,4
181,symbol,【名】象徴；記号,3
182,power,【名】（権力、能力、エネルギーなどの）力；強国,2
183,dye,【名】染料 【自】【他】染まる〔染める〕,4
184,elegant,【形】優雅な；上品な,5
185,polite,【形】礼儀正しい；丁重な（⇔impolite）,2
186,rude,【形】無礼な；粗雑な,3
187,ancient,【形】古代の（⇔modern）；昔からの,2
188,coast,【名】沿岸；海岸,3
189,shore,【名】（海･湖･広い河川の）岸,4
190,bay,【名】入江；湾,3
191,Mediterranean,【形】地中海の,6
192,discover,【他】（偶然に）を発見する；に気づく,4
193,shell,【名】（貝）殻,4
194,unlike,【前】と異なって 【形】異なった,5
195,contact,【名】接触；連絡【他】と連絡をとる；と接触する,3
196,let,【他】（let A do）Ａが...するのを許す；Ａを...の状態にさせる,3
197,smell,【他】のにおいがする；のにおいをかぐ 【自】においを発する 【名】（しばしばよくない）におい,2
198,ocean,【名】（通例the）大洋,3
199,Atlantic,【形】大西洋の,5
200,Pacific,【形】太平洋の,5
201,island,【名】島,1
202,reef,【名】岩礁,4
203,effective,【形】効果的な,5
204,efficient,【形】効率的な,5
205,mask,【他】（事実・感情など）を隠す 【名】仮面,3
206,feeling,【名】感情；（漠然とした）感じ；感覚,2
207,claim,【他】を主張する；を要求する 【名】主張；要求,6
208,FALSE,【形】間違っている；うその,3
209,fake,【名】【形】偽物（の）,4
210,muscle,【名】筋肉,4
211,surround,【他】を囲む,4
212,cheek,【名】ほお,1
213,pull,【他】【自】引く；車を寄せる,1
214,lip,【名】唇,2
215,cosmetic,【形】化粧（用）の；美容（整形）の 【名】（通例複）化粧品,5
216,upward,【副】上に向かって 【形】上方への,4
217,forward,【副】前に；将来に向かって,3
218,perhaps,【副】ひょっとすると；（数値の前で）だいたい；...してはどうでしょう,3
219,less,【副】【形】（little の比較級）より少なく〔い〕,2
220,least,【名】【形】（little の最上級）最小〔少〕（の） 【副】最も～でない,2
221,temperature,【名】温度；体温,2
222,seem,【自】（...のように）思われる〔見える〕,3
223,describe,【他】を言い表す；を描く,3
224,respond,【自】反応する（to）；答える（to）,4
225,correspond,【自】合致する（with）；相当する（to）；文通する（with）,5
226,greet,【他】にあいさつをする；を出迎える,2
227,bow,【自】【名】おじぎ（する）,2
228,simple,【形】単純な；質素な,2
229,complicated,【形】複雑な,4
230,complex,【形】複雑な；複合的な,5
231,nerve,【名】神経；厚かましさ；勇気,3
232,neuron,【名】神経単位〔ニューロン〕,6
233,react,【自】反応する；反作用する,4
234,chemical,【名】（通例【複】）化学製品〔物質〕 【形】化学の；化学的な,3
235,rise,【名】上昇；増加 【自】上がる；起きる；出世する rose＞risen 【発】,2
236,climb,【自】【他】【名】登る（こと）,2
237,soar,【自】（数値などが）急上昇する；（空高く）舞い上がる,4
238,expression,【名】表現；表情,3
239,facial,【形】顔の,5
240,therefore,【副】したがって（≒thus，hence）,4
241,safety,【名】安全（性）,3
242,security,【名】安全；警備,4
243,danger,【名】危険；警備,2
244,endangered,【形】絶滅の危機に瀕した,6
245,threat,【名】脅威；脅迫,4
246,lock,【名】【他】錠（をかける）,3
247,police,【名】警察,4
248,farming,【名】農業,4
249,peasant,【名】（昔または発展途上国の）小作農,5
250,soil,【名】土（壌）；土地,4
251,probably,【副】おそらく,3
252,style,【名】型式；型；文体,3
253,protect,【他】を保護する（against，from）,3
254,defend,【自】【他】守る,3
255,prevent,【他】を防ぐ；を妨げる,3
256,agricultural,【形】農業の,5
257,license,【他】を認可する 【名】免許（証）,4
258,pass,【他】【自】合格する（⇔fail）；通過する 【他】を渡す（to） 【自】（時間が）経過する；（～として）通る（for）；亡くなる（away） 【名】入場〔通行〕許可（証）,3
259,quantity,【名】量（⇔quality）；多量,4
260,cost,【名】犠牲；費用 【他】（費用が）かかる；（犠牲）を払わせる cost＞cost,3
261,charge,【名】料金；責任；告発 【他】を請求する；（責任など）を負わせる；を告発する；を充電する,4
262,pollution,【名】汚染；公害,4
263,agree,"【他】...であることに同意する（that） 【自】同意する（to）；賛成する（on, with）；（体質などに）合う（with）",3
264,approve,【自】賛成〔同意〕する（of） 【他】（計画・考えなど）を（公に）承認〔認可〕する,4
265,nod,【自】うなずく 【名】うなずき；同意,4
266,price,【名】（品物の）値段；【複】物価；代償,3
267,fee,【名】（参加・入場の）料金；（専門職への）謝礼,4
268,fare,【名】（交通機関の）運賃,4
269,bill,【名】請求書；紙幣；法案,4
270,tax,【名】税（金）,4
271,budget,【名】予算；経費,5
272,pay,【他】を支払う；（注意など）を払う；に報いる 【自】代金を支払う（for）；割に合う 【名】給料,3
273,salary,【名】（月々の）給料,4
274,wage,【名】（肉体労働に対する）給料,4
275,owe,【他】に借金がある；に恩を受けている,6
276,debt,【名】借金（状態）,4
277,loan,【名】借金；ローン 【他】を貸し付ける,5
278,due,【形】払われるべき；（...する）はずで（to do）；到着予定で,4
279,mathematics,【名】数学,3
280,statistics,【名】統計（学）,6
281,rapidly,【副】速く；急激に,4
282,slow,【形】遅い；（時計が）遅れている 【自】速度を落とす 【他】を遅くする,3
283,Europe,【名】ヨーロッパ,3
284,north,【名】【形】北（部）（の）,3
285,south,【名】【形】南（部）（の）,3
286,industrial,【形】産業の,5
287,factory,【名】工場,3
288,lazy,【形】怠け者の；くつろいだ,3
289,revolution,【名】革命；回転,6
290,pioneer,【名】開拓者；先駆者,6
291,growth,【名】発展；成長,4
292,century,【名】世紀,3
293,mostly,【副】主に；たいていは,5
294,astronomy,【名】天文学,6
295,satellite,【名】（人工）衛星,6
296,launch,【他】（ロケットなど）を打ち上げる；（事業など）を開始する 【名】発射（≒shot）；開始,5
297,concept,【名】概念；発想；基本的な考え,6
298,notion,【名】考え；理解；意向,6
299,equation,【名】方程式；（the）同一視；均衡,6
300,equivalent,【形】同等の；相当する 【名】同等のもの,5
301,method,【名】方法,3
302,manner,【名】方法（of）；態度；【複】行儀；【複】風習,4
303,medium,【名】（伝達・表現の）手段；媒体（【複】media） 【形】中間の,5
304,unfortunately,【副】残念なことに；不幸にも,4
305,miserable,【形】惨めな,4
306,critical,【形】批判的な（of）；重大な；危機的な；批評の,5
307,attitude,【名】態度；考え方（toward）,4
308,turn,【自】【他】変わる 〔える〕；回転する〔させる〕；曲がる〔げる〕【名】回転；順番；変化,2
309,bend,【他】を曲げる 【自】曲がる；かがむ；屈服する bent＞bent,3
310,curve,【名】【自】曲線（を描く）,4
311,switch,【自】【他】（仕事・考えなどを）変える 【名】スイッチ；変化,4
312,basic,【形】基礎の（≒fundamental） 【名】【複】基礎知識,2
313,part,【名】部分（of）；役（割）；【複】地域,1
314,department,【名】部門；学科；《米》（D-）省；（百貨店などの）売り場,5
315,arrival,【名】到着,3
316,content,【名】中身；内容；【複】目次 【形】満足して,4
317,cell,【名】細胞；電池,5
318,tissue,【名】（動植物の細胞の）組織；ティッシュ（ペーパー）,5
319,human,【形】人間の；人情のある 【名】人間,3
320,humor,【名】ユーモア；機嫌,4
321,mankind,【名】（集合的に）人類,3
322,fisherman,【名】漁師；釣り人,4
323,glass,【名】ガラス；（a glass of ～）コップ１杯の～；【複】めがね,2
324,grass,【名】（牧）草,2
325,tube,【名】管；チューブ；（the）（ロンドンの）地下鉄,5
326,end,【名】端；（通例the）最後；終了；目的 【他】を終わらせる 【自】終わる,2
327,edge,【名】端；ふち；刃（先）,3
328,tip,【名】先（端）；チップ；秘訣,3
329,toward,【前】の方へ,2
330,alongside,【前】のそば〔横〕に（沿って）；と一緒に 【副】そばに,5
331,researcher,【名】研究者,5
332,scholar,【名】学者,6
333,variation,【名】変化；差異；変異,5
334,diverse,【形】さまざまな；異なった,5
335,particular,【形】特定の；特別の（≒specific）,4
336,suggest,【他】をそれとなく言う；を提案する（≒propose）；を推薦する（≒recommend）,4
337,hint,【名】ヒント；気配；（a hint of ～）少量の～ 【自】【他】それとなく言う,5
338,advise,に忠告〔助言〕する,4
339,pupil,【名】生徒；弟子；瞳,1
340,tongue,【名】舌；言語,2
341,chest,【名】胸；箱,2
342,lung,【名】肺,4
343,stomach,【名】胃；腹（部）,3
344,palm,【名】手のひら；ヤシ,3
345,thumb,【名】親指,2
346,knee,【名】ひざ,2
347,expert,【名】専門家；熟練者 【形】熟達した（≒skilled）,6
348,ratio,【名】割合；（２つの数量間の）比率,5
349,proportion,【名】割合；比率；つりあい；部分,5
350,completely,【副】完全に,4
351,total,【形】まったくの；総計の 【名】合計,3
352,utter,【他】（ため息・言葉）を発する；を述べる 【形】まったくの,5
353,immune,【形】免疫の〔がある〕；影響を受けない,6
354,virus,【名】ウイルス；病原体,4
355,infect,【他】（病気が）（人）に感染〔伝染〕する,6
356,rest,【名】（the）残り；休み 【自】休む 【他】（腕など）を置く,2
357,refresh,【他】（休息や飲食物などが）（人）を元気づける；（記憶）を蘇らせる,4
358,entirely,【副】まったく,3
359,absolutely,【副】まったく；（返事）まったくその通りだ；絶対に,4
360,slight,【形】わずかな,4
361,subtle,【形】（違いなどが）微妙な,6
362,enormous,【形】莫大な；巨大な,3
363,tremendous,【形】（数量・程度・強さなどが）ものすごい；素晴らしい,4
364,college,【名】（単科）大学,4
365,length,【名】（物や時間の）長さ,2
366,span,【名】（時間の）長さ；期間,6
367,meanwhile,【副】一方では；その間に,6
368,monitor,【名】（監視）モニター 【他】を監視する,3
369,exactly,【副】ちょうど；正確に,2
370,originally,【副】元来は；初めは,4
371,ancestor,【名】先祖,5
372,consider,【他】（consider A B）AをBとみなす；をよく考える,4
373,frequently,【副】頻繁に,4
374,certain,【形】（【名】の前で）ある特定の～；確かな,3
375,ensure,【他】を確実にする；を保証する,6
376,assure,【他】（人）に保証する；を安心させる,5
377,reassure,【他】を安心させる,6
378,guarantee,【他】を保証する 【名】保証,4
379,region,【名】地域（≒area）,2
380,geographical,【形】地理的な；地理学（上）の,4
381,list,【名】リスト〔一覧表〕 【他】をリスト〔一覧表〕にする,2
382,verb,【名】動詞,2
383,oral,【形】口頭での；口（内）の,4
384,linguistic,【形】言語（学）の,5
385,form,【名】形（態）；申込用紙 【他】を形作る 【自】形になる,2
386,casual,【形】何気ない；無頓着な；偶然の；臨時の,4
387,compound,【形】複合の 【名】混合物；化合物 【他】を悪化させる；を混合する,4
388,huge,【形】膨大な；巨大な,3
389,giant,【形】巨大な 【名】巨人；偉人,4
390,massive,【形】巨大な,5
391,technical,【形】専門の；技術的な,5
392,scientific,【形】科学の；科学的な,4
393,term,【名】（専門）用語；学期；任期；【複】条件；【複】間柄,3
394,semester,【名】（2学期制の）学期,4
395,finally,【副】とうとう；終わりにあたって,3
396,ultimate,【形】究極の；根本の（≒fundamental）,6
397,initial,【形】初めの 【名】頭文字,4
398,add,【他】を加える（A to B）,2
399,extra,【形】追加の；余分の,3
400,spare,【形】余分の；予備の 【名】予備 【他】（時間など）を割く；を省く；を惜しむ,4
401,create,【他】を創造する,3
402,constantly,【副】絶えず,4
403,nature,【名】性質；（物事の）本質；自然（界）,2
404,innate,【形】（能力・性格などが）先天的な,6
405,rainforest,【名】（熱帯）雨林,6
406,frustrate,【他】をいらいらさせる；を挫折させる,6
407,offer,【他】を提供する；を申し出る 【名】提供；申し出,2
408,superstition,【名】迷信,6
409,religion,【名】信仰；宗教,2
410,heaven,【名】天国,3
411,ethnic,【形】民族の；民族的な,6
412,folk,【形】民族の：民衆の 【名】（複数扱い）人々,4
413,tribe,【名】種族,4
414,ceremony,【名】（儀）式；礼儀,4
415,funeral,【名】葬式,4
416,belief,【名】信仰；信念；信頼,3
417,optimism,【名】楽観主義,6
418,medieval,【形】中世の,5
419,pure,【形】純粋な,3
420,refine,【他】を洗練する,6
421,spirit,【名】霊；魂；精神；気分；気力,3
422,soul,【名】魂；精神；真髄（≒essence）,3
423,ghost,【名】幽霊；幻影,4
424,celebration,【名】祝賀（会）；称賛,4
425,fortune,【名】運；運命；財産,3
426,destiny,【名】運命,4
427,luck,【名】（幸）運,4
428,married,【形】結婚している,3
429,marriage,【名】結婚,3
430,ring,【名】（指）輪；（ベル・鈴などの）音 【他】【自】鳴る〔鳴らす〕；電話をかける rang＞rung,3
431,wish,【他】【自】願う；...だといいと思う 【名】願い,3
432,pray,【自】【他】祈る,3
433,fertility,【名】多産；繁殖能力（のあること）；肥沃なこと,6
434,prosperity,【名】繁栄,6
435,flourish,【自】（文化などが）栄える；（植物が）繁茂する,6
436,ritual,【名】（宗教的）儀式；日常の習慣,6
437,reflect,【他】【自】反映する；反射する；よく考える,4
438,mirror,【名】鏡,3
439,contemporary,【形】現代の；同時代の 【名】同時代の人,6
440,incorporate,【他】を取り〔組み〕入れる（into）,6
441,combine,【他】を組み合わせる（A with B）；を兼ね備える 【自】組み合わさる；結合する（with）,4
442,integrate,【他】を統合する；を溶け込ませる 【自】統合する；溶け込む,6
443,value,【名】【複】価値観；価値；重要性； 【他】を尊重〔評価〕する,3
444,evaluate,【他】を評価する,6
445,treasure,【他】を大事にする 【名】宝物；貴重品,4
446,worth,【名】価値 【前】の価値がある,4
447,deserve,【他】に値する,5
448,realize,【他】を悟る；を実現する,3
449,perceive,【他】（特に視覚で）を理解〔知覚〕する,5
450,relieve,【他】を取り除く；を安心させる,6
451,skill,【名】技能；技術,4
452,jump,【自】跳ぶ；飛び上がる 【他】を跳び越える；を飛ばす 【名】跳ぶこと,1
453,leap,【自】跳ぶ 【名】跳躍；飛躍,4
454,bound,【自】跳ぶように走る；はずむ 【名】跳ぶこと；【複】限界 【形】束縛された；（乗り物などが）～行きの（for）,5
455,barrier,【名】障害（物）；防壁,4
456,obstacle,【名】障害（物）,4
457,block,【名】障害物；かたまり；区画 【他】をふさぐ；を妨害する,4
458,hurt,【他】にけがをさせる；の感情を害する 【自】痛む,3
459,offend,【他】の気分を害する 【自】罪を犯す,6
460,damage,【他】に損害を与える 【名】損害；損傷,4
461,wound,【他】を傷つける 【名】傷 / wounded＞wounded,4
462,insult,【他】を侮辱する 【名】侮辱（to）,5
463,social,【形】社会の；社交的な,3
464,interaction,【名】（人との）交流；相互作用,6
465,bite,【他】【自】【名】かむ（こと）/ bit＞bitten,2
466,angry,【形】怒って,2
467,mad,【形】怒っている；熱中して；ばかげた,3
468,annoy,【他】をいらいらさせる,4
469,irritate,【他】をいらいらさせる,5
470,order,【名】命令；注文；順番；秩序 【他】を命令する；を注文する,3
471,mess,【名】散らかっている状態,6
472,present,【形】現在の；出席して 【名】（the）現在；贈り物 【他】を提出〔発表〕する；を贈る,2
473,absent,【形】欠席して,3
474,space,【名】空間；場所；宇宙,2
475,release,【他】を放つ；を解放する；を公表する；（本など）を発売する 【名】放出；解放；発売,5
476,energy,【名】エネルギー（≒power）；活力,3
477,solar,【形】太陽の,5
478,nuclear,【形】原子力の；核（兵器）の,6
479,radiation,【名】放射（線）,6
480,mental,【形】精神的な；知能の,4
481,yell,【自】【他】大声で叫ぶ；エールを送る 【名】大声；エール,5
482,necessary,【形】必要な,3
483,doubtful,【形】（物事が）疑わしい；（人が）疑っている（of，about）,6
484,whether,【接】（...する）かどうか；...すべきかどうか（to do）；（whether A or B）AであろうとBであろうと,4
485,concern,【他】を心配させる ；に関係する【名】心配；関心；関係,4
486,sympathy,【名】思いやり；同情；共感,4
487,increasingly,【副】ますます（≒ more and more）,6
488,decrease,【自】減少する 【他】を減らす（≒reduce） 【名】減少,5
489,competitive,【形】競争の；競争力がある；競争心の強い,5
490,generally,【副】一般的に；大体,5
491,tend,【自】（...する）傾向がある（to do）,5
492,activity,【名】活動,3
493,passive,【形】受動的な,6
494,adult,【名】大人,3
495,childhood,【名】子供時代,3
496,infant,【名】（乳）幼児 【形】（乳）幼児（期）の,4
497,mature,【形】成熟〔長〕した 【自】成熟する,5
498,parental,【形】親の,6
499,harmony,【名】調和,4
500,friendship,【名】友人関係；友情,4
501,tune,【名】調和；曲 【他】を調和〔適応〕させる（to）；（通例 be -d）（番組・チャンネルなどに）合っている；を調律する,4
502,rhythm,【名】リズム,2
503,suitable,【形】適切な（for）,3
504,decent,【形】きちんとした；かなりの；親切な,4
505,purpose,【名】目的（of）,3
506,aim,【名】目的 【他】を目標にする；（物体など）を向ける 【自】目標とする；努力する（to do）；ねらう,3
507,destination,【名】（予定の）目的地,5
508,goal,【名】目標；ゴール,3
509,mission,【名】（特別）任務；使節（団）,4
510,proper,【形】適切な；（社会的に）正しい,4
511,estate,【名】（ある人のすべての）財産；（地方の，大きな館のある広大な）地所,6
512,environment,【名】（自然）環境,3
513,circumstance,【名】（通例【複】）状況；事情,4
514,ecological,【形】生態学の,6
515,ecosystem,【名】生態系,6
516,debate,【名】論争；議論 【自】【他】論争する；討論する,3
517,dispute,【名】討論；紛争 【他】を議論〔論争〕する；に反論する,5
518,controversy,【名】論争,5
519,invent,【他】を発明する；（話）をでっちあげる,3
520,similar,【形】似通った（to）,3
521,alike,【形】【副】同様の〔に〕,5
522,parallel,【形】類似の；平行な 【名】類似点 【副】平行に,5
523,resemble,【他】に似ている,5
524,stuff,【他】を詰め込む 【名】材料；題材,3
525,staff,【名】（集合的に）職員,4
526,version,【名】～版；意見；翻訳,5
527,set,【他】を設定する；を置く；を（ある状態に）する；を決める 【名】一揃い,3
528,involve,【他】を含む；を巻き込む；を没頭させる,5
529,belong,【自】所属している,3
530,hit,【他】【自】たたく；当たる；攻撃する；（災害などが）襲う 【名】ヒット；打撃,2
531,beat,【自】【他】たたく；打ち負かす（≒defeat） beat＞beat（en） 【名】たたくこと；鼓動,2
532,knock,【自】【他】（戸を）たたく；打つ 【名】ノック（の音）；打つこと,3
533,tap,【自】【他】【名】軽くたたく（音）,4
534,leather,【形】革製の 【名】（なめし）革；革製品,3
535,fur,【名】毛；毛皮,4
536,feather,【名】羽；羽毛,2
537,honor,【名】名誉；敬意 【他】に名誉を与える；を尊敬する,5
538,international,【形】国際的な；国家間の,5
539,emperor,【名】皇帝,6
540,empire,【名】帝国,6
541,kingdom,【名】王国；（通例the）～界,5
542,royal,【形】国王の；王立の,4
543,spread,【他】を広げる；を塗る 【自】広がる 【形】広がった 【名】広がり；普及,3
544,expand,【他】を拡大する 【自】広がる；膨張する,4
545,scatter,【他】をまき散らす 【自】分散する 【名】散布,4
546,prevail,"【自】普及する（in, among）；（提案・原理などが）打ち勝つ",6
547,accumulate,【他】【自】蓄積する,5
548,dense,【形】（人や物が）密集した；（霧などが）濃い,4
549,popularity,【名】人気；流行,5
550,possible,【形】あり得る；（事が）可能な,3
551,prospect,【名】見込み；期待；【複】将来性,6
552,British,【名】（the）イギリス人 【形】イギリス（人）の,3
553,violent,【形】暴力的な；激しい,4
554,fierce,【形】激しい；凶暴な,3
555,peaceful,【形】平和（的）な,3
556,injury,【名】負傷；（名誉などを）傷つけること,5
557,scratch,【名】ひっかき傷 【自】【他】ひっかく,4
558,strain,【他】を痛める；を酷使する 【名】張り；緊張；ストレス,6
559,death,【名】死（亡）,4
560,alive,【形】生きて；元気で,4
561,vivid,【形】生き生きした,5
562,fatal,【形】致命的な；取り返しのつかない,5
563,series,【名】連続；シリーズもの,5
564,sequence,【名】連続；順序,5
565,string,【名】ひと続き；ひも；糸,5
566,chain,【名】連鎖；鎖；束縛；チェーン（店）,4
567,row,【名】（横の）列 【自】【他】（船を）こぐ,4
568,rule,【名】規則；支配 【自】【他】支配する,3
569,principle,【名】（自然の）原理；原則；主義；方針,6
570,dominate,【自】【他】支配する,5
571,university,【名】（総合）大学,4
572,campus,(大学などの)構内；キャンパス,4
573,forbid,【他】を禁じる forbad，forbade＞forbidden,4
574,develop,【自】発達する 【他】を発達させる；を開発する,3
575,exploit,【他】を開発する；を利用する；につけこむ,6
576,Dutch,【名】オランダ人〔語〕 【形】オランダ（人；語）の,4
577,Egypt,【名】エジプト,3
578,Greece,【名】ギリシャ,3
579,Ireland,【名】アイルランド,3
580,Latin,【名】ラテン語；ラテン系の人 【形】ラテン系（民族；言語）の,5
581,Mexico,【名】メキシコ,3
582,Russian,【名】ロシア人〔語〕 【形】ロシア（人；語）の,3
583,extremely,【副】非常に,4
584,excessive,【形】過度の,6
585,declare,【他】を明言する；を宣言する,5
586,announce,【他】を発表する,3
587,planet,【名】（the）地球；惑星,3
588,bat,【名】コウモリ；バット 【自】【他】バットで打つ,3
589,bee,【名】（総称）ハチ；ミツバチ,2
590,insect,【名】昆虫,2
591,ant,【名】アリ,2
592,mosquito,【名】蚊（【複】-sまたは-es）,2
593,ceiling,【名】天井；（金額などの）上限,5
594,roof,【名】屋根,2
595,seed,【名】種 【他】（種）をまく,2
596,flight,【名】飛行,4
597,aircraft,【名】航空機,5
598,airline,【名】定期航空路；航空会社,6
599,laboratory,【名】研究室；実験室,5
600,institute,【名】（工科）大学；研究所；協会,6
601,facility,【名】施設；機能；才能,4
602,spot,【名】点；場所 【他】を見つける,3
603,location,【名】場所；位置,4
604,site,【名】敷地；跡地；（ウェブ）サイト,4
605,precisely,【副】正確に（≒exactly）,4
606,neat,【形】的確な；きちんとした,4
607,tidy,【形】整然とした 【自】【他】整頓する,3
608,military,【形】軍隊〔軍人〕の 【名】（the）軍隊,4
609,device,【名】装置；工夫,4
610,earthquake,【名】地震,3
611,shake,【自】揺れる 【他】を振り動かす / shook＞shaken,4
612,zone,【名】区域；地帯,4
613,mine,【名】鉱山；地雷,3
614,crystal,【名】【形】結晶（の）；水晶（の）,6
615,volcano,【名】火山,3
616,weapon,【名】武器,6
617,gun,【名】拳銃,3
618,bomb,【名】爆弾,3
619,terrorism,【名】テロ（リズム）,6
620,manipulate,【他】（人・世論・機械など）を操る,6
621,field,【名】場；畑；田；野原；競技場；分野,2
622,sphere,【名】（活動・関心などの）領域；球,6
623,ground,【名】地面；土（地）；根拠,2
624,underground,【形】【副】地下の〔に；で〕 【名】地下（鉄）（≒tube）,4
625,frame,【名】枠；骨組み；体格 【他】を枠にはめる；を立案する,4
626,structure,【名】構造；組織；建物,3
627,trigger,【他】を誘発する 【名】（銃の）引き金；誘因,6
628,function,【自】機能する 【名】機能；役割,3
629,dozen,【名】【形】ダース〔12個〕（の）,3
630,load,【他】を装着する；（荷）を積む 【名】積み荷；重荷,4
631,pile,【他】【自】積み重ねる〔なる〕 【名】積み重ね,4
632,burden,【名】重荷,4
633,permit,【他】を可能にする；を許す（≒allow）（⇔forbid）,4
634,excellent,【形】非常に優れた,3
635,prominent,【形】卓越した；目立った；（物理的に）突き出した,6
636,noble,【形】気高い；貴族の 【名】貴族,4
637,lord,【名】貴族；（Lord）～卿；君主,5
638,detect,【他】を検出する；を見抜く,4
639,trace,【名】（形）跡 【他】を追跡する；を見つけ出す,4
640,wind,【名】風；動向 【他】を巻く 【自】（道・川などが）曲がりくねって進む；巻きつく,3
641,top,【名】（通例the）頂上；最高位,3
642,bottom,【名】底；最下部,3
643,system,【名】体系；組織；方式,4
644,democracy,【名】民主主義（国）,6
645,devote,【他】を充てる；をささげる（to）,5
646,loyalty,【名】忠誠,5
647,contribute,【自】貢献する（to）；一因となる；寄付する 【他】を提供する,5
648,image,【名】画像；像；印象；生き写し,3
649,fancy,【名】空想；好み 【形】高価な；装飾的な 【他】を想像する；を好む,4
650,photo,【名】写真,3
651,statue,【名】像,2
652,data,【名】（単複両扱い）データ；資料（単数形は datum）,6
653,boil,【他】を煮る；を沸騰させる 【自】煮える；沸騰する,3
654,burn,【自】【他】焼く〔焼ける〕；燃やす〔燃える〕,3
655,command,【名】命令；指揮（権）；（言語の）運用力 【他】を指揮〔命令〕する；（風景など）を見下ろす,4
656,blame,【他】を非難する；のせいにする 【名】責任；非難,4
657,accuse,【他】を訴える；を非難する,4
658,condemn,【他】を責める；に有罪の判決を出す,6
659,forgive,【他】（人・行為・罪など）を許す,3
660,apologize,【自】謝る,3
661,so-called,【形】いわゆる,4
662,hypothesis,【名】仮説；（議論の）前提（【複】-ses）,6
663,premise,【名】前提；【複】建物の敷地,6
664,assume,【他】と思い込む〔仮定する〕；（責任など）を引き受ける；（表情など）を帯びる,4
665,risk,【名】危険（性） 【他】を危険にさらす；あえて...する（...ing）,4
666,dare,【他】あえて〔大胆にも〕...する（（to） do）,4
667,nowadays,【副】この頃；最近では,3
668,bathe,【自】【他】入浴する〔させる〕,2
669,sink,【自】沈む；（人・体が）崩れ落ちる 【他】を沈める / sank＞sunk,3
670,float,【自】浮く；漂う 【他】を浮かべる,2
671,drift,【自】漂う；（知らぬ間に）移り変わる 【名】漂流物,3
672,dust,【名】ほこり,1
673,substance,【名】物質；本質；重要性,6
674,trend,【名】傾向；流行,4
675,encounter,【他】（偶然）に出くわす 【名】出会い,4
676,resistant,【形】耐性のある；抵抗する,5
677,share,【他】を共有する；を分配する 【自】分担する 【名】割り当て；分け前；役割,4
678,wide,【形】（幅・範囲・視野が）広い,2
679,widespread,【形】広範囲にわたる,5
680,narrow,【形】（幅・心・範囲が）狭い；辛うじての,3
681,range,【名】範囲 【自】（範囲が）及ぶ 【他】を並べる,3
682,realm,【名】領域；分野（≒field）,6
683,territory,【名】領土；（知識・活動の）範囲；縄張り,4
684,district,【名】地域；地区,3
685,prefecture,【名】都；道；府；県,6
686,province,【名】（カナダなどの）州；（中国などの）省；（the -s）地方；分野,6
687,income,【名】収入,5
688,level,【名】水準；程度；高さ,4
689,horizon,（通例the）地〔水〕平線；範囲,6
690,education,【名】教育,3
691,thus,【副】このように（して）（≒therefore，in this way）,6
692,hence,【副】（文修飾）したがって,6
693,victim,【名】被害者；犠牲者,4
694,sacrifice,【名】犠牲（的行為） 【他】を犠牲にする,4
695,prey,【名】（動物の）獲物；餌食 【自】捕食する（on）,5
696,satisfy,【他】を満たす；を満足させる,4
697,requirement,【名】必要条件；要求（物）,5
698,enjoyment,【名】楽しみ；享受,4
699,joy,【名】喜び（⇔sorrow）,2
700,pleasure,【名】楽しみ,2
701,delight,【名】大きな喜び 【他】を大喜びさせる 【自】楽しむ,4
702,pleasant,【形】楽しい；心地よい,3
703,latest,【形】最新〔最近〕の,4
704,advance,【名】進歩；前進 【他】【自】進歩させる〔する〕,4
705,proceed,【自】進む；続ける（with）；取り掛かる（to）；次に...する（to do）,5
706,sophisticated,【形】洗練された；（機器・装置などが）精巧な,5
707,retreat,【名】後退；撤退 【自】後退する；逃げる,5
708,publish,【他】を発表する；を出版する,5
709,journal,【名】（定期刊行）雑誌；日誌,6
710,translation,【名】翻訳（書）；移行,4
711,accuracy,【名】正確さ；精度,4
712,random,【形】無作為の；手当たり次第の,4
713,keen,【形】熱心な；鋭い；激しい,4
714,crazy,【形】夢中である（about）；正気でない,2
715,nation,【名】国家；国民,3
716,citizen,【名】市民,6
717,political,【形】政治（上）の,4
718,mayor,【名】（しばしば the M-）市長；（自治体の）長,6
719,current,【形】現在の；（考えなどが）通用して 【名】（水・空気・考えなどの）流れ,5
720,affair,【名】問題；事態；用事；事件,6
721,deliver,【他】を伝える；（演説など）を行う；を配達する,4
722,distribute,【他】を分配する,4
723,post,【他】を投函する 【名】郵便（制度）；地位；柱,3
724,address,【名】住所；演説；あいさつ 【他】に演説する；に話しかける；（課題など）に取り組む,3
725,literature,【名】文学；文献,6
726,literal,【形】文字通りの,5
727,literacy,【名】読み書きの能力；（ある分野の）知識能力,6
728,imply,【他】を意味〔暗示〕する,5
729,metaphor,【名】隠喩；象徴（for）,6
730,enter,【他】に入る；に入学する,2
731,inevitably,【副】必然的に,6
732,intellectual,【形】知的な 【名】知識人,6
733,brilliant,【形】優れた；輝く,4
734,urge,【名】欲望；衝動 【他】を説得する；を主張する,4
735,impulse,【名】衝動；刺激,5
736,drive,【他】を駆り立てる；（車）を運転する；（人）を車で送る 【自】自動車を運転する / drove＞driven 【名】衝動；ドライブ,4
737,mention,【他】について言う〔書く〕 【名】言及すること,4
738,refer,【自】言及する（to）；参照する（to）；関連がある（to） / referred＞referred＞referring,3
739,comment,【自】論評する（on） 【名】論評,4
740,remark,【名】（短めの）感想；発言 【他】だと述べる（that節）,4
741,pronounce,【他】を発音する：を宣言〔宣告〕する,3
742,accent,【名】なまり；アクセント,3
743,dialect,【名】方言,6
744,repeat,【自】【他】繰り返す,1
745,grammar,【名】文法,1
746,vocabulary,【名】語彙,1
747,talent,【名】才能（ある人々）,4
748,genius,【名】天才；才能,6
749,gift,【名】才能；贈り物,3
750,faculty,【名】能力；学部,5
751,eager,【形】熱心な；熱望して（for）（≒anxious）,3
752,curiosity,【名】好奇心,4
753,imitate,【他】をまねる,3
754,memory,【名】記憶（力）；思い出,2
755,monument,【名】記念碑；遺跡,6
756,respect,【他】を尊敬する；を尊重する 【名】尊敬；尊重；点（≒point）,3
757,admire,【他】を賞賛する；に感心する,3
758,praise,【他】を賞賛する 【名】賞賛,3
759,discuss,【他】について話し合う〔討議する〕（≒argue）,3
760,conversation,【名】会話；対談,4
761,panel,【名】（公開討議会の）出席者；パネル；専門家集団；委員会,6
762,studio,【名】スタジオ；放送室,4
763,settle,【自】【他】落ち着く；定住する 【他】を解決する；を決める,4
764,animation,【名】アニメ（制作）；活気,6
765,refuse,"【他】を拒絶する（≒decline, reject）（⇔accept） 【名】ゴミ",3
766,beast,【名】獣；動物,4
767,beauty,【名】美人；美しさ,4
768,invite,【他】を招待する；を依頼する,3
769,crowd,【名】群衆；（the）大衆 【自】群がる 【他】に群がる,4
770,burst,【自】【名】破裂〔突発〕（する） / burst＞burst,6
771,explode,【自】爆発する；急増する,4
772,crack,【自】【他】割れる〔割る〕；パチッとなる〔鳴らす〕 【名】割れ目；すき間；鋭い音,4
773,shout,【自】【他】大声で言う；叫ぶ 【名】叫び,2
774,exclaim,【自】【他】（突然）叫ぶ,5
775,whisper,【自】ささやく（to） 【名】ささやき,4
776,replace,【他】に取って代わる；を取り替える,3
777,alter,【他】を変える 【自】変わる,4
778,substitute,【他】を代わりに使う 【名】代用品；代理人,4
779,force,【他】（force A to do）Aに無理やり...させる；に押しつける 【名】（暴）力；【複】軍隊,3
780,compel,【他】（compel A to do）Aに...することを強いる / compelled＞compelled,5
781,impose,【他】を課す；を押しつける 【自】つけこむ（on）,6
782,bully,【他】をいじめる 【名】いじめっ子,3
783,army,【名】軍隊,4
784,marine,【形】【名】海軍（の）；海（の）,6
785,soldier,【名】（陸軍の）軍人；戦士,4
786,draw,【自】絵〔線〕を描く；ゆっくりと移動する 【他】（線で）を描く；を引っ張る,3
787,portray,【他】（人物・風景など）を描く；（言葉で）を描写する,6
788,drag,【他】（重い物）を引きずる 【自】のろのろと進む；だらだらと続く,4
789,recent,【形】最近の,4
790,interview,【名】【他】インタビュー（する）；面接（する）,6
791,recall,【他】を思い出す；を呼び戻す 【名】思い出すこと,6
792,demand,【他】を要求する（≒require） 【名】要求；需要（⇔supply）,5
793,hesitate,【自】ためらう（to do）,3
794,pause,【自】ちょっと止める 【名】小休止,5
795,dislike,【他】を嫌う 【名】嫌悪,4
796,hate,【他】を憎む 【名】憎しみ,2
797,concentrate,【自】専念〔集中〕する（on） 【他】を集中させる,3
798,meditation,【名】（通例【複】）瞑想；熟考（on）,6
799,abandon,【他】（やむを得ず）を（見）捨てる；をあきらめる,6
800,desert,【他】を（見）捨てる 【名】砂漠 【形】不毛の,4
801,quit,【他】（仕事など）をやめる,3
802,tradition,【名】伝統；慣習；伝説,4
803,convention,【名】慣習；協定；大会,6
804,heritage,【名】伝統；（文化的）遺産,6
805,legend,【名】伝説；伝承文学,6
806,rival,【名】競争相手 【他】に劣らない；と競争する,4
807,short,【形】不足の；短い,1
808,shrink,【自】縮む；しりごみする 【他】を縮める,5
809,famine,【名】（物資の）不足；飢饉,6
810,classic,【名】傑作；古典 【形】第1級の；典型的な；古典の,6
811,classify,【他】を分類する,6
812,rank,【他】を位置づける 【自】位置する 【名】階級；地位；列,5
813,status,【名】地位；状態,6
814,ladder,【名】はしご；（出世の）会談,6
815,decision,【名】決定；決心,3
816,resolve,【自】【他】決心する；決議する 【他】を解決する,6
817,film,【名】映画；フィルム,2
818,return,【他】を戻す 【自】戻る 【名】戻り；返却；利益,2
819,glory,【名】栄光,5
820,pride,【名】誇り；自尊心 【他】自慢する,2
821,shame,【名】恥；（a shame）残念なこと,3
822,pity,【名】哀れみ；残念なこと 【他】を気の毒に思う,3
823,success,【名】成功（⇔failure）,4
824,triumph,【名】勝利,6
825,feed,【他】（家族など）を養う；に食べ物を与える 【自】食事をする / fed＞fed,2
826,theme,"【名】主題（≒subject, topic）",3
827,division,【名】部門；分割；分配；割り算,5
828,category,【名】範疇；部類（≒class）,6
829,section,【名】部分；区分；階層；（本などの）節,5
830,restore,【他】を回復〔修復〕させる〔する〕；を戻す,6
831,profit,【名】利益 【自】【他】利益を得る〔になる〕,4
832,invest,【自】【他】（金・時間など）投資する（in）,5
833,essential,"【形】不可欠の；基本的な（≒fundamental, basic）",5
834,crucial,【形】決定的な（≒decisive）；必要不可欠の,6
835,indispensable,【形】不可欠な,6
836,reputation,【名】名声；評判,6
837,fame,【名】名声,6
838,although,【接】...だが；...にもかかわらず,3
839,appear,【自】...と思われる；現れる（⇔disappear）,3
840,perform,【他】（仕事など）を行う；を上演〔演奏〕する 【自】上演〔演奏〕する,3
841,behavior,【名】行動；態度,4
842,lie,【自】横たわっている；（ある状態に・原因などが）ある；うそをつく 【名】うそ / lie＞lay＞lain＞lying（横たわっている）/ lie＞lied＞lied＞lying（うそをつく）,3
843,lay,【他】を置く；を横たえる；（卵）を産む / laid ＞ laid,3
844,ray,【名】光線,4
845,exhaust,【他】を疲れ果てさせる；を使い果たす,6
846,capture,【他】（人・動物）を捕らえる；を引き付ける 【名】逮捕,4
847,grab,【他】をつかむ 【名】つかむこと,3
848,seize,【他】をつかむ,5
849,arrest,【他】を逮捕する 【名】逮捕,5
850,cage,【名】（鳥・獣を入れる）かご；檻,4
851,plate,【名】皿；（１人分の）料理；板；（地球表面の）プレート,2
852,recipe,【名】調理法；秘訣,4
853,dish,【名】皿；（皿に盛った）料理,3
854,handle,【名】取っ手；つまみ 【他】をうまく扱う；を操縦する,4
855,furthermore,【副】さらに,6
856,moreover,【副】さらに（≒in addition）,6
857,besides,【副】さらに 【前】に加え；（否定文・疑問文で）以外に,6
858,tail,【名】しっぽ；（通例the）後部,2
859,tale,【名】（事実・伝説・架空の）話；うそ,6
860,eventually,【副】（いろいろあったが）結局,4
861,intimate,【形】親しい；詳しい,6
862,channel,【名】経路；チャンネル；海峡,4
863,tide,【名】潮（の干満）；潮流；（意見などの）形勢,4
864,trap,【他】を閉じこめる；をわなでとらえる 【名】わな,3
865,beneath,【前】の下に,5
866,beyond,【前】を越えて；の及ばない,4
867,onto,【前】の上へ,4
868,above,【前】【副】上（方）に 【副】【形】前述の,3
869,construction,【名】建設（⇔destruction）；建築物,5
870,architecture,【名】建築（学）；建築技術,6
871,consist,【自】成る（of）；存在する（in）,6
872,composition,【名】構成；（音楽などの）作品；作文,4
873,collapse,【自】【名】崩壊（する）；（病気などで突然）倒れる（こと）,5
874,throughout,【前】【副】通して；至るところに,5
875,rescue,【名】救助；救済 【他】（危険・束縛などから）を救う,4
876,save,【他】を救う；を貯蓄する；を節約する,3
877,remove,【他】を取り除く；を移す,3
878,eliminate,【他】を取り除く,5
879,exclude,【他】を除外する,5
880,withdraw,【他】を引っ込める；を退かせる；（預金）を引き出す 【自】退く,4
881,ton,【名】（重量単位）トン；大量,3
882,twist,【他】をより合わせる；を曲げる 【名】ねじれ,4
883,steel,【名】鋼鉄,4
884,crush,【他】を押しつぶす 【自】つぶれる 【名】混雑,5
885,defeat,【他】【名】失敗（させる）；敗北（させる）,4
886,overcome,【他】を克服する；に勝つ,6
887,conquer,【他】を征服する；を克服する,5
888,overwhelm,【他】を圧倒する,6
889,yield,【自】屈する（to） 【他】（作物・利益など）を算出する,6
890,surrender,【自】降伏する 【他】を譲り渡す,5
891,crash,【自】【他】衝突〔墜落〕する〔させる〕 【名】衝突；墜落；故障,4
892,stranger,【名】知らない人；未経験者；（場所に）不慣れな人,4
893,neighbor,【名】近所の人,3
894,unknown,【形】【名】未知の（人；もの）；無名の（人）,5
895,sex,【名】性（別）,3
896,gender,【名】（社会的・文化的）性（差）,6
897,surgery,【名】手術；外科,6
898,lower,【他】を下げる 【形】下部の；下級の（lowの比較級）,3
899,upper,【形】上部の；上級の,3
900,suspect,【他】だと思う（that節）；を疑う 【名】容疑者,4
901,hide,【他】を隠す 【自】隠れる / hid＞hidden,2
902,bury,【他】（死者や物）を埋める,3
903,remind,【他】（人）に思い出させる,3
904,request,【名】依頼 【他】を要請する,3
905,appeal,【自】懇願する；求める；興味を引く 【名】懇願；魅力,3
906,own,【形】自分自身の 【他】を所有している,2
907,possess,【他】を所有している,5
908,comfort,【名】快適さ；慰め 【他】を慰める,3
909,harsh,【形】（状況，現実などが）厳しい；不快な,3
910,relax,【他】をくつろがせる 【自】くつろぐ,3
911,calm,【形】落ち着いた 【名】平静 【自】静まる 【他】を静める,3
912,breathe,【自】【他】呼吸する,2
913,blow,【自】息を吐く；（風が）吹く 【他】を吹く 【名】打撃,2
914,sigh,【自】【名】ため息（をつく）,3
915,yawn,【自】【名】あくび（をする）,5
916,tense,【形】緊張した；硬直した,3
917,elevator,【名】エレベーター,4
918,shoulder,【名】肩,3
919,accept,【他】を受け入れる；を承認する,3
920,obey,【他】（命令・指示など）に従う,4
921,close,【形】接近した；親密な；綿密な 【他】を閉める 【自】閉まる,2
922,nearby,【形】（【名】の前で）近くの 【副】近くで,3
923,complaint,【名】不平,3
924,nowhere,【副】どこにも...ない 【名】実在しない場所,3
925,somewhere,【副】どこかで〔へ〕；およそ 【名】ある場所,4
926,elsewhere,【副】どこか他のところに,3
927,somehow,【副】（動詞修飾）なんとかして；（文修飾）どういうわけか,2
928,anyway,【副】（肯定文）とにかく；（否定文）どうしても（...できない）,2
929,anymore,【副】（否定・疑問文）もはや（...できない）,3
930,jam,【他】を詰め込む；を動かなくする 【自】群がる 【名】込み合い；ジャム,5
931,cram,【他】をぎっしり詰める（into） 【名】詰め込み勉強,3
932,subway,"【名】《米》地下鉄（≒《英》tube,《英》underground）",4
933,anthropologist,【名】人類学者,6
934,pack,【他】を詰める；を包む 【自】衣類を詰める 【名】１箱,3
935,wrap,【他】を包む；を巻きつける,3
936,fold,【他】を包む；を折りたたむ；（手足など）を組む,3
937,public,【形】公共の（⇔private）；民衆の 【名】（the）民衆,3
938,avoid,【他】を避ける,3
939,escape,【自】逃げる 【他】を免れる 【名】脱出；逃避,4
940,except,【前】を除いて（は）,3
941,pursuit,【名】仕事；追跡；追求,5
942,chase,【自】【他】【名】追跡（する）,3
943,entertainment,【名】娯楽；催し物；接待,4
944,amusement,【名】娯楽；面白さ,3
945,attraction,【名】魅力；呼び物,3
946,charm,【名】魅力 【他】を魅了する,4
947,bore,【他】を退屈させる 【名】退屈な人〔もの〕,4
948,dull,【形】退屈な；（色などが）くすんだ；曇った,2
949,compare,【自】匹敵する（with） 【他】を比較する（with）；をたとえる（to）,3
950,sufficient,【形】十分な（for）（≒enough）,3
951,adequate,【形】十分な；適切な,4
952,modest,【形】（数・規模などが）控えめな；謙虚な,4
953,subject,【名】主題；科目；被験者 【形】影響を受けやすい（to）；服従する（to） 【他】を服従させる,2
954,text,【名】本文；原文,2
955,manuscript,【名】原稿；写本,6
956,source,【名】情報源；源；原因,4
957,resource,【名】（通例【複】）資源；財源,5
958,capital,"【名】資本（金）；首都（＝capital, city）；大文字 【形】資本の；主要な；大文字の",5
959,sheet,【名】１枚の紙；シーツ,4
960,means,【名】手段；財力,6
961,via,【前】を経由して（≒by way of）；によって（≒by means of）,6
962,convey,【他】（感情・思考など）を伝える；を運ぶ,5
963,transmit,【他】を送る；（情報など）を伝える；（病気）を伝染させる,5
964,shift,【他】（方向など）を変える 【自】移る 【名】変化；移動；交代（制）,4
965,transition,【名】移り変わり；過渡期,6
966,novel,【名】小説 【形】斬新な,4
967,poem,【名】（１編の）詩,3
968,poet,【名】詩人,4
969,plot,【名】（物語などの）筋；たくらみ；（土地の）小区画,4
970,hero,【名】英雄；（小説などの）主人公,3
971,bible,【名】（the Bible）聖書；必読書,6
972,incredible,【形】素晴らしい；信じられない,4
973,grant,【他】（許可・資格など）を認める；を与える,6
974,admit,【自】【他】（真であると）認める 【他】の入場〔入学；入会〕を認める,3
975,undergo,【他】（試験など）を経験する（≒experience）；（検査など）を受ける / underwent＞undergone,6
976,evolution,【名】進化（論）；発展,5
977,craft,【名】（手先の）技術；工芸,6
978,print,【他】を印刷する；を出版する 【名】印刷（物）,3
979,available,【形】手に入る；利用できる,4
980,author,【名】著者；作者,4
981,authority,【名】権威；権限；（通例 the authorities）当局,5
982,council,【名】（地方自治体の）議会（≒local authority）；会議,6
983,obtain,【他】を入手する（≒gain）,5
984,acquire,【他】を手に入れる,6
985,earn,【他】（金・名声など）を得る；をもたらす,4
986,tool,【名】道具；手段,3
987,implement,【名】（しばしば【複】）道具；手段 【他】（政策など）を実行する,6
988,instrument,【名】器具；楽器,3
989,permanent,【形】永久の,4
990,temporary,【形】一時的な,4
991,leisure,【名】暇；余暇,5
992,recreation,【名】レクリエーション；気晴らし,6
993,electric,【形】電気の；電気で動く,3
994,battery,【名】電池,3
995,wire,【名】針金；ケーブル,3
996,apart,【副】離れて；個々に,4
997,flat,【形】平らな；単調な 【名】《英》アパート,3
998,aside,【副】わきに；離して,4
999,major,【形】重大な（⇔minor）；主要な；大部分の 【自】専攻する（in）,4
1000,chief,【形】主要な；最高位の 【名】長（官）,4
1001,primary,【形】主要な；初等の；根本の,4
1002,principal,【形】主要な 【名】校長；主役,3
1003,shock,【名】衝撃 【他】に衝撃を与える,3
1004,thrill,【自】【他】ぞくぞくする〔させる〕； 【名】ぞくぞく〔わくわく〕すること,4
1005,divorce,【名】離婚 【他】【自】離婚する,6
1006,weak,【形】弱い,1
1007,minor,【形】それほど重要でない；少数の,4
1008,illness,【名】病気,3
1009,symptom,【名】徴候；症状,4
1010,indeed,【副】実際は；本当に；実に,5
1011,emphasize,【他】を強調する（≒stress）,4
1012,exaggerate,【他】を誇張する；を強調する【自】誇張する,6
1013,associate,【他】を結びつける；を連想する 【自】交際する（with） 【名】仲間,5
1014,upset,【他】をあわてさせる；（計画・物など）をひっくり返す / upset＞upset 【形】取り乱して；腹を立てて,3
1015,spill,【他】（液体など）をこぼす 【自】こぼれる,2
1016,investigate,【他】（事件など）を調査する,6
1017,inquire,【自】【他】（事を）尋ねる,6
1018,painful,【形】つらい；痛い,3
1019,sorrow,【名】（深い）悲しみ,4
1020,personally,【副】個人的に；個人的見解では；自分（自身）で,6
1021,private,【形】個人の；内密の；民間の,3
1022,secret,【名】秘密；（通例the）秘訣 【形】秘密の,3
1023,disturb,【他】を不安にする；を乱す；を邪魔する,3
1024,distress,【名】苦悩；疲労；困窮 【他】を苦悩させる,6
1025,interfere,【自】妨げとなる（with）；干渉する（in）,6
1026,interrupt,【自】【他】（話など）さえぎる；中断する,4
1027,topic,【名】話題；論題,3
1028,period,【名】期間；時期；時代；（授業の）時間；周期,3
1029,cycle,【名】周期；循環 【自】自転車に乗る；循環する,4
1030,spell,【他】（語）をつづる 【名】期間,2
1031,afterward(s),【副】後で；後に,4
1032,choose,【他】【自】選ぶ / chose＞chosen,2
1033,select,【他】を選ぶ 【形】選り抜きの,4
1034,appoint,【他】（役職に）を指名する；（時・時間など）を指定する,6
1035,reveal,【他】を明らかにする,5
1036,confess,【他】【自】（犯罪・秘密などを）白状する；（欠点などを）認める,6
1037,conceal,【他】を隠す,5
1038,inner,【形】内部の,3
1039,outer,【形】外側の；中心から離れている,2
1040,external,【形】外（側）の 【名】外部,6
1041,interior,【形】内部の；室内の 【名】内部（⇔exterior）,5
1042,internal,【形】内部の；体内の；（心の）内面の,5
1043,everyday,【形】日常の；毎日の,3
1044,exercise,【名】課題；行使；練習；運動 【他】（権力）を行使する；を運動させる 【自】運動する,1
1045,movement,【名】運動（団体）；動き；移動,3
1046,mobile,【形】動きやすい；移動式の；流動的な,6
1047,highly,【副】非常に；（評価などが）高く,6
1048,depth,【名】深さ,6
1049,include,【他】を含む（≒contain）,3
1050,embrace,【他】を含む；（考えなど）を受け入れる；（人）を抱きしめる,6
1051,lonely,【形】孤独の；寂しい,2
1052,immediately,【副】即座に,3
1053,sample,【名】サンプル；見本,4
1054,evidence,【名】形跡；証拠（≒proof）,4
1055,clue,【名】手がかり,4
1056,witness,【名】目撃者；証人 【他】を目撃する,4
1057,improve,【他】を改良する〔させる〕 【自】よくなる,3
1058,progress,【自】前進する；進歩する 【名】進歩；前進,3
1059,reform,【他】を改善〔改革〕する 【名】（制度・政治などの）改革（運動）,6
1060,resistance,【名】抵抗（力）,4
1061,fight,【自】【他】戦う 【名】けんか；戦い,2
1062,battle,【自】【他】戦う 【名】戦闘,4
1063,conflict,【自】対立する；矛盾する（with） 【名】衝突；矛盾,5
1064,sensitivity,【名】感じやすさ,6
1065,delicate,【形】繊細な；精巧な,3
1066,invade,【他】（国など）に侵入する；を侵害する,5
1067,continue,【自】続く 【他】を続ける,2
1068,individual,【名】個人 【形】個々の；個人の,5
1069,propose,【他】（計画など）を提案する；をもくろむ 【自】結婚を申し込む,5
1070,project,【他】を計画する；を見積もる；を投影する 【名】（事業）計画,4
1071,introduce,【他】を導入する；を紹介する,3
1072,failure,【名】失敗（⇔success）,4
1073,regret,【名】【他】後悔（する）；残念（に思う）,4
1074,silence,【名】沈黙；静けさ,4
1075,interest,【名】利益；利子；重要性；興味 【他】に興味を起こさせる,2
1076,aggressive,【形】攻撃的な；積極的な,5
1077,attack,【名】攻撃：非難；（病気などの）発作 【他】を攻撃する；を非難する,3
1078,hostile,【形】敵意〔反感〕を持った：相反する,5
1079,kick,【自】【他】【名】蹴る（こと）,3
1080,clothes,【名】（複数扱い）衣服,2
1081,laundry,【名】洗濯（物）；クリーニング屋,4
1082,needle,【名】針,4
1083,reduction,【名】減少,5
1084,diminish,【自】【他】減少する〔させる〕,5
1085,discount,【名】割引（率） 【他】を割引する；（話など）を軽視〔無視〕する,5
1086,helpful,【形】親切な；役に立つ,3
1087,useless,【形】役に立たない,3
1088,selfish,【形】利己的な,2
1089,youth,【名】（the）若者；若さ；青春時代,3
1090,expose,【他】をさらす；を暴露する,5
1091,shelter,【他】を保護する 【名】住まい；避難（所）,4
1092,male,【名】【形】男性（の）；雄（の）（⇔female）,3
1093,prefer,【他】を好む,3
1094,shoot,【自】【他】撃つ / shot＞shot,4
1095,adventure,【名】冒険,3
1096,venture,【名】冒険（的事業） 【他】思い切って...する（to do） 【自】（危険を冒して）行く,6
1097,expedition,【名】遠征；探検隊；小旅行,6
1098,strategy,【名】戦略；方策,6
1099,survey,【名】調査；外観 【他】を調査する；を概説する,5
1100,profile,【他】の概略を示す 【名】輪郭；横顔；プロフィール,4
1101,board,【名】板；委員会 【他】に搭乗する,3
1102,sail,【自】航行する 【名】帆；航海,3
1103,electronic,【形】電子（工学）の,6
1104,automatic,【形】自動の；無意識的な,4
1105,digital,【形】デジタル（式）の,4
1106,opportunity,"【名】機会（of...ing, to do）（≒chance, occasion）",4
1107,occasion,【名】機会；（特別な）行事；場合,4
1108,chance,【名】機会；偶然；見込み（of） 【自】たまたま...する（to do）,3
1109,career,【名】職業（≒occupation）；経歴,4
1110,sale,【名】販売；【複】売上高；特売,4
1111,retail,【名】小売り 【他】を小売りする,5
1112,note,【他】に言及する；に注意する；に気づく 【名】メモ；注釈；紙幣,3
1113,cash,【名】現金（硬貨(coin)と紙幣(note)）,4
1114,purse,【名】財布；ハンドバック,4
1115,wallet,【名】札入れ,5
1116,communication,【名】（情報・意見などの）伝達；意思疎通；通信（網）,3
1117,chat,"【名】おしゃべり（with, about） 【自】おしゃべりする（with, to, about）",5
1118,cooperation,【名】協力,4
1119,joint,【形】共同の 【名】接合；継ぎ目；関節 【他】を接合する,4
1120,rather,【副】むしろ；かなり；やや,3
1121,billion,【名】10億,5
1122,indication,【名】兆候；指示,5
1123,engage,【他】を引きつける；を雇う；を従事させる；を婚約させる 【自】従事する（in）,4
1124,contract,【他】を契約する；（病気）にかかる；を縮める 【名】契約（書）（with）,5
1125,promise,【自】【他】約束する 【名】約束；見込み,3
1126,frontier,【名】未開拓分野；最先端；国境；辺境,5
1127,border,【名】境界；国境,3
1128,boundary,【名】境界（線）；（通例【複】）限界,6
1129,transfer,【他】を移動させる；を転勤させる 【自】乗り換える；転任する 【名】移転,4
1130,transplant,【他】を移動させる；（臓器など）を移植する 【名】移植（手術）,6
1131,fascinate,【他】を魅了する,6
1132,innovative,【形】革新的な,6
1133,conclude,【他】と結論づける；を終える 【自】終える,5
1134,uniform,【形】同一の；均等の 【名】制服,3
1135,union,【名】連合；組合,4
1136,unit,【名】１個；１人；（構成などの）単位,5
1137,bilingual,【形】【名】２か国語を話す（人）,6
1138,triangle,【名】三角形,3
1139,deliberately,【副】故意に,5
1140,aspect,【名】側面；局面；観点,4
1141,phase,【名】（問題の）側面；（変化・発達の）段階；（月の）相,6
1142,dimension,【名】局面；次元；（通例【複】）寸法；（通例【複】）（問題などの）重要性,5
1143,truth,【名】真実；事実,2
1144,genuine,【形】本物の；心からの,5
1145,fiction,【名】作り話；小説（≒novel）,3
1146,myth,【名】作り話；神話；誤った考え,6
1147,deceive,【他】をだます（≒take in）,4
1148,cheat,【他】をだます 【自】いかさま〔カンニング〕する,4
1149,pretend,【自】【他】ふりをする；装う,4
1150,intend,【他】～するつもりだ（to do）,3
1151,information,【名】情報；案内（所）,2
1152,warning,【名】警告,2
1153,impression,【名】印象；感動,3
1154,acquaintance,【名】知人；知識,4
1155,dollar,【名】ドル；１ドル紙幣,2
1156,fantastic,【形】すてきな；途方もない；架空の,3
1157,illusion,【名】幻想；錯覚,4
1158,fairy,【名】妖精,4
1159,lovely,【形】すてきな；美しい,3
1160,grand,【形】壮大な；偉大な,4
1161,ugly,【形】醜い；不快な,3
1162,awful,【形】（光景などが）恐ろしい；ひどい,3
1163,terrible,【形】（状況などが）ひどい；恐ろしい,3
1164,badly,【副】まずく；とても（欲しい）；ひどく,4
1165,store,【名】店 【他】を蓄える,1
1166,grocery,【名】日用雑貨・食料品店（≒grocery store）；日用雑貨〔食料〕品,4
1167,purchase,【他】（大きな物・高額な物）を買う 【名】購入（品）,4
1168,lend,【他】を貸す / lent>lent,2
1169,rent,【他】を賃貸〔借〕する 【名】賃貸〔借〕料,2
1170,specific,【形】特定の；明確な,4
1171,clearly,【副】明らかに；はっきりと,3
1172,obviously,【副】明らかに；当然ながら,4
1173,plain,【形】明白な；易しい；地味な 【名】平原,2
1174,vague,【形】（考えなどが）あいまいな；（表情などが）ぼんやりとした,4
1175,likely,【形】ありそうな（⇔unlikely） 【副】たぶん,4
1176,candidate,【名】候補（者）；志願者,4
1177,campaign,【名】（政治的・社会的）運動,5
1178,trick,【他】をだます 【名】計略；いたずら；秘訣；芸,4
1179,vote,【名】【自】投票（する）,5
1180,govern,【他】を統治する；を決定する,6
1181,administration,【名】政権；行政；管理,6
1182,minister,【名】大臣；牧師,5
1183,priest,【名】聖職者；僧侶,6
1184,gain,【他】を手に入れる（≒obtain）；（体重・速度）を増す 【名】利益（≒profit）；増大 【自】よくなる；増す,4
1185,office,【名】地位；職場；事務所；研究室,3
1186,workplace,【名】仕事場（≒workshop）,6
1187,workforce,【名】（通例the）総労働人口；労働力（≒labor force）,6
1188,branch,【名】支点；枝,4
1189,clerk,【名】事務員；職員（≒office worker）；店員,4
1190,election,【名】選挙；当選,6
1191,race,【名】競争；人種 【自】競争する,3
1192,rush,【自】急いでいく 【他】を急いで送る；をせきたてる 【名】勢いよく流れる〔吹く〕こと；忙しさ,4
1193,athlete,【名】運動選手；スポーツマン,4
1194,subsequent,【形】続いて起こる,6
1195,advertising,【名】宣伝〔広告〕,6
1196,commercial,【名】コマーシャル 【形】商業の,4
1197,honest,【形】正直な；率直な,2
1198,frank,【形】率直な,4
1199,ironic,【形】皮肉な,6
1200,paradox,【名】矛盾（していること）；逆説,6
1201,illegal,【形】違法の,5
1202,law,【名】法（律）；（自然界の）法則,4
1203,code,【名】規定；法典；符号；暗号,5
1204,service,【名】サービス；業務；奉仕；（バスなどの）便；公益事業,2
1205,consequently,【副】その結果（≒therefore）,6
1206,recommend,【他】を推薦する；を勧める,6
1207,counsel,【他】に助言する 【名】助言,6
1208,cure,【他】を治療する；（悪癖など）を取り除く 【名】治療,5
1209,therapy,【名】（薬物や手術によらない）治療；（複合語で）～療法,6
1210,corporation,【名】株式会社；企業；法人,6
1211,approach,【名】取り組み（方）；接近（方法） 【自】【他】近づく,4
1212,positive,【形】よい；肯定的な；積極的な；確信して,3
1213,negative,【形】悪い；否定的な；消極的な,3
1214,quick,【形】素早い,2
1215,willing,【形】…する気がある（to do）；喜んで行う（⇔reluctant）,6
1216,reluctant,【形】気の進まない（⇔ready）,6
1217,responsibility,【名】責任,5
1218,undertake,【他】を引き受ける；に着手する / undertook>undertaken,6
1219,commit,【他】（be -ed）（真剣に）関わる；（罪）を犯す,6
1220,crime,【名】犯罪,4
1221,guilty,【形】罪悪感を覚える；有罪の,5
1222,innocent,【形】無罪の；無邪気な,5
1223,position,【名】立場；状況；姿勢；位置,3
1224,pose,【他】（問題など）をもたらす 【名】【自】ポーズ（をとる）,5
1225,opinion,【名】意見,3
1226,difficulty,【名】困難（さ）,4
1227,ease,【名】容易さ；安楽さ 【他】を和らげる；を取り除く,4
1228,flexible,【形】柔軟な,5
1229,rigid,【形】堅い；厳格な,5
1230,view,"【名】見解（about, on）；眺め；視野 【他】を見る；を考える",3
1231,perspective,【名】観点；遠近法〔感〕；見通し,5
1232,landscape,【名】（一望できる陸地の）風景（画）,5
1233,scene,【名】光景；場面；現場,3
1234,arise,【自】起きる；起因する（from） / arose>arisen,6
1235,derive,【自】由来する（from） 【他】を得る,6
1236,stem,【自】生じる；由来する（from） 【名】（草木の）茎〔幹〕,2
1237,lead,【自】（道などが）通じる（to） 【他】を導く；を率いる；（生活）を送る 【名】首位；先導 / led>led,4
1238,guide,【他】【自】案内する；指導する 【名】案内人〔書〕；指導者；指針,3
1239,delay,【名】遅延；延期 【他】を遅らせる；を延期する 【自】のろのろする,6
1240,postpone,【他】を延期する（≒put off）,5
1241,prolong,【他】を延長する,6
1242,highlight,【他】を強調する；に光を当てる 【名】（事件・催し物などの）ハイライト,5
1243,shadow,【名】影,3
1244,shade,【名】（物）陰；色合い,2
1245,clever,【形】利口な；器用な,3
1246,decade,【名】１０年間,5
1247,millenium,【名】千年（祭）,6
1248,railroad,【名】鉄道（線路）,4
1249,railway,【名】鉄道,4
1250,vital,【形】不可欠な；致命的な；生き生きした,5
1251,center,【名】中心；中央；（施設としての）センター,1
1252,core,【名】（the）中心；確信；（果物の）芯,4
1253,reverse,【他】を逆にする；を一変させる 【名】（the）逆 【形】逆の,4
1254,automobile,【名】自動車,4
1255,wheel,【名】（通例the）（自動車の）ハンドル；車輪,4
1256,countryside,【名】（通例the）地方；田舎；田園地帯,4
1257,rural,【形】田舎の,4
1258,urban,【形】都市〔会〕の,4
1259,downtown,【名】町の中心街 【副】町の中心街へ,4
1260,suburb,【名】（the【複】）郊外,4
1261,largely,【副】ほとんど：主として（≒for the most part）,4
1262,mainly,【副】主として,4
1263,sweep,【他】【名】一掃（する）；掃除（する） 【自】殺到する / swept>swept,4
1264,miss,【他】を逃がす；がいなくて寂しく思う 【名】失敗,2
1265,loss,【名】紛失；損害；死；敗北,3
1266,remain,【自】依然…のままである；…にとどまる 【名】残り；遺跡,2
1267,stick,【自】固執する；くっつく；刺さる 【他】（be+過去分詞で）行き詰まる；を貼り付ける；を刺す 【名】棒きれ / stuck>stuck,4
1268,archaeologist,【名】考古学者,6
1269,desire,【名】欲望；要望 【他】（強く）を望む,3
1270,ambition,【名】熱望；野心,4
1271,appetite,【名】欲求（for）；食欲,4
1272,hunger,【名】渇望；飢え,2
1273,employment,【名】雇用,4
1274,employee,【名】従業員,4
1275,hire,【他】を雇う,4
1276,dismiss,【他】を解雇する（≒fire）,4
1277,retire,【自】退職〔引退〕する（from）,4
1278,able,【形】（be ~ to do）…することができる；有能な,2
1279,capable,【形】…できる；有能な,5
1280,disability,【名】障がい,6
1281,deaf,【形】耳が聞こえない,4
1282,enable,【他】…できるようにする,4
1283,fulfill,【他】（要求など）を満たす；（任務など）を果たす,4
1284,economic,【形】経済（学）の,4
1285,financial,【形】財政の,4
1286,bank,【名】銀行；土手,1
1287,luxury,【名】ぜいたく（品）,4
1288,commodity,【名】日用品；商品,6
1289,goods,【名】商品,4
1290,appreciate,【他】の真価を認める；（事・物）に感謝する；を正しく理解する；を鑑賞する,4
1291,regular,【形】定期的な；規則的な；通常の,2
1292,customer,【名】顧客,3
1293,accustomed,【形】慣れている（to）,4
1294,hospitality,【名】もてなし,6
1295,warmth,【名】温かさ,4
1296,deny,【他】を否定する；を拒む,4
1297,contradiction,【名】否定；反対の主張；矛盾,6
1298,stare,【自】【名】じっと見る（こと）,4
1299,gaze,【自】【名】見つめる（こと）,4
1300,glance,【自】【名】ちらりと見る（こと）,4
1301,proof,【名】証拠（≒evidence）,3
1302,whole,【形】（the～）全体の；まるごとの 【名】（the ~ of ...）全体,2
1303,check,【名】クローク〔預かり所〕；検査；点検；小切手 【他】を調べる；を阻止する,3
1304,instinct,【名】本能,4
1305,follow,【他】（指示など）に従う；の後について行く；の後に起こる；の後を継ぐ,3
1306,precede,【他】より先に起こる,6
1307,display,【他】（感情など）を表す；を展示する 【名】展示（品）；表現,4
1308,exhibit,【他】を展示する；（感情や能力）を示す 【名】展示（品）,5
1309,gallery,【名】画廊；美術館；バルコニー；（ゴルフなどの）観客,4
1310,appropriate,【形】適切な,4
1311,judge,【他】を判断する；を裁く 【名】裁判官；審判,3
1312,ridiculous,【形】ばかげた,5
1313,absurd,【形】ばかげた,6
1314,silly,【形】愚かな,2
1315,stupid,【形】ばかな,2
1316,fool,【名】愚か者 【他】をばかにする,2
1317,evil,【名】害悪：邪悪 【形】邪悪な,3
1318,vice,【名】（道徳上の）悪（徳）,6
1319,moral,【名】【複】道徳規範 【形】道徳的な,3
1320,ethic,【名】道徳；規範,6
1321,stock,【名】株式；蓄え；在庫（品） 【他】を貯蔵している,4
1322,reserve,【名】蓄え；慎み；（動物などの）保護区 【他】を取っておく；を予約する,3
1323,exist,【自】存在する；生存すえう,3
1324,fashion,【名】流行；やり方；流儀,5
1325,boom,【名】大流行；にわか景気,6
1326,management,【名】経営（者）；取り扱い,5
1327,boss,【名】社長；雇用主；上司,4
1328,executive,【名】（経営）幹部 【形】執行権のある；行政の,6
1329,president,【名】《米》社長；会長；《米》学長；大統領,5
1330,hobby,【名】趣味,3
1331,justice,【名】正義；構成；裁判（官）,5
1332,court,【名】法廷；裁判所〔官〕,4
1333,trial,【名】裁判；試み；試練,6
1334,prison,【名】刑務所；拘置所,4
1335,psychologist,【名】心理学者,6
1336,philosopher,【名】哲学者,6
1337,influence,【他】に影響を及ぼす 【名】影響（on）；影響力（over）,3
1338,peer,【名】同僚；同等の人 【自】（見にくいので）凝視する（at）,5
1339,pressure,【名】圧力；重圧,3
1340,suppress,【他】を鎮圧する；（感情など）を抑える,6
1341,depress,【他】を落胆させる,6
1342,recession,【名】（一時的な）不況,6
1343,participant,【名】参加者,4
1344,correct,【形】正しい；適切な 【他】を訂正する,2
1345,revise,【他】を変更する；を改訂する；を復習する,5
1346,editor,【名】編集者,5
1347,task,【名】課題；（やるべき）仕事；任務,4
1348,duty,【名】任務；義務；（しばしば【複】）関税,3
1349,assignment,【名】任務；義務；割り当て,5
1350,challenge,【名】挑戦；難問 【他】（人）に挑戦する；（考えなど）に異議を唱える,4
1351,obligation,【名】義務；恩義,5
1352,match,【他】（物が）（物）と調和する；に匹敵する 【名】試合；好敵手；匹敵するもの,2
1353,suppose,【他】と考える（that）,4
1354,wild,【名】（the）荒野；大自然 【形】野生の；荒涼とした；乱暴な,2
1355,wildlife,【名】（集合的に）野生生物,6
1356,survival,【名】生き残ること,5
1357,flee,【自】【他】逃げる / fled>fled,5
1358,confront,【他】に立ち向かう；（危険などが）に立ちはだかる,5
1359,sight,【名】見ること；光景；視界；視力；【複】名所,3
1360,insight,【名】洞察（力）；見識,6
1361,differently,【副】異なって,6
1362,otherwise,【副】別なふうに；そうでなければ；他の点では,6
1363,gene,【名】遺伝子,6
1364,inherent,【形】固有の（in）,6
1365,descend,【他】（be -ed）由来する；を降りる 【自】降りる；（財産・性質・権利などが）伝わる,6
1366,offspring,【名】（単複両扱い）（人などの）子（孫）,5
1367,directly,【副】直接に,4
1368,copy,【他】【自】模倣する；複製する 【名】写し；（同じ本・新聞などの）１部,3
1369,pattern,【名】様式；模様,5
1370,model,【名】模型；手本；モデル,3
1371,root,【他】（be -ed）定着して；を根付かせる 【名】根；根拠；源,3
1372,trunk,【名】（木の）幹；（自動車の）トランク,4
1373,wood,【名】木材；（しばしば【複】）森；薪,2
1374,timber,【名】（建築用の）木材,6
1375,log,【名】丸太 【自】【他】（交信記録などに）記録する,4
1376,local,【形】地元の；ある地方（特有）の,3
1377,native,【形】出生地の；土着の；固有の 【名】～生まれの人,3
1378,comedy,【名】喜劇,4
1379,tragedy,【名】悲劇,4
1380,drama,【名】ドラマ；演劇,3
1381,theater,【名】劇場；映画館,4
1382,insert,【他】を挿入する 【名】挿入物；折り込み広告,6
1383,penetrate,【自】【他】通る；突き抜ける；理解する〔させる〕,6
1384,laugh,【自】笑う（at）,2
1385,moment,【名】（特定の）時；瞬間,4
1386,encourage,【他】を（…するように）促す；を奨励する；を励ます,4
1387,courage,【名】勇気,5
1388,brave,【形】勇敢な,4
1389,bold,【形】大胆な；際立った,6
1390,cheer,【他】を励ます 【名】声援,4
1391,audience,【名】（テレビの）視聴者；聴衆,3
1392,guest,【名】招待客；宿泊客,3
1393,passenger,【名】乗客,3
1394,client,【名】（弁護士などへの）依頼人；（サービス業の）取引先,5
1395,pop,【自】飛び出る 【他】をポンと置く〔外す〕 【形】ポップ音楽の；ポピュラーな / popped>popped>popping,3
1396,chip,【名】（果物・野菜などの）薄切り；（木などの）かけら；（半導体の）チップ,4
1397,sort,【名】種類；性質 【他】を分類する,3
1398,species,【名】（共通の特性を持った）種（類）,6
1399,detail,【名】細部；【複】詳細,4
1400,collect,【他】を集める 【自】（人が）集まる,3
1401,gather,【自】【他】集まる〔集める〕,3
1402,assemble,【自】集まる（in） 【他】を集める；（家具など）を組み立てる,6
1403,session,【名】集まり；開会；授業（期間）,5
1404,conference,【名】（大規模で公式の）会議；（個別の）協議,4
1405,habit,【名】（個人の無意識的な）習慣；癖,3
1406,addiction,【名】中毒；熱中（to）,6
1407,habitat,【名】（動物の）生息地,6
1408,resident,【名】住民；滞在者,4
1409,whereas,【接】（その）一方で；…だけれども（≒while）,6
1410,sacred,【形】神聖な；とても重要な,6
1411,ideal,【形】理想的な；観念的な 【名】理想（⇔reality）,4
1412,romantic,【形】空想的な；恋愛の；ロマン派の,5
1413,fit,【自】合う 【他】（大きさなどが）に合う；を取り付ける 【形】適した；体調が良い 【名】発作,2
1414,swallow,【他】【自】飲み込む 【名】飲み込むこと；ツバメ,5
1415,pound,【名】ポンド（重量の単位；イギリスの通貨単位）,4
1416,pond,【名】池,4
1417,business,【名】商売；仕事；関わりのあること,3
1418,prize,【名】賞（品）；貴重なもの,4
1419,reward,【名】報酬；褒美（≒prize） 【他】に報いる,4
1420,award,【名】賞（金） 【他】（審査して）を授与する,5
1421,favorite,【形】【名】お気に入りの（もの）,2
1422,beg,【自】【他】懇願する,4
1423,brush,【名】ブラシ 【自】【他】ブラシをかける,3
1424,polish,【他】（物・技量）を磨く,4
1425,shine,【他】を磨く；を照らす 【自】輝く 【名】光（沢）,3
1426,apply,【他】（薬・化粧品など）を塗る；を適用する；（心など）を向ける 【自】当てはまる（to）；申し込む（for）,4
1427,affect,【他】に影響する；を感動させる,4
1428,medical,【形】医学の；医療の,4
1429,clinical,【形】臨床の；病院の,6
1430,clone,【他】（クローンとして）を作る 【名】クローン；まったく同じような人〔もの〕,6
1431,relate,【他】を関連付ける（to）；を話す 【自】関係がある（to）,4
1432,grandparent,【名】祖父〔母〕,4
1433,cousin,【名】いとこ,4
1434,twin,【名】双子の一方；【複】双子 【形】双子の；対をなす,4
1435,relevant,【形】関連がある（to）；適切な,6
1436,ordinary,【形】普通の；ありふれた,3
1437,odd,【形】奇妙な；臨時の（≒occasional）；奇数の（⇔even 偶数の）,4
1438,opponent,【名】反対者；（試合の）相手,4
1439,object,【自】反対する（to） 【名】物；対象；目的,4
1440,insist,【他】【自】主張する；要求する,4
1441,assert,【他】（正当性など）を断言〔主張〕する,6
1442,destroy,【他】を破壊する（⇔construct）,4
1443,ruin,【他】を破滅させる 【名】破滅；廃墟；【複】遺跡,4
1444,spoil,【他】を台なしにする；を甘やかす,4
1445,extinct,【形】絶滅した,6
1446,tear,【他】を裂く；を引きはがす / tore>torn,3
1447,stage,【名】（発達の）段階；舞台,4
1448,reliable,【形】信頼できる,5
1449,low,【形】低い；少ない 【副】低く；少なく,3
1450,fear,【他】【自】恐れる；気づかう 【名】恐怖；心配,3
1451,frighten,【他】を怖がらせる,3
1452,scare,【他】をおびえさせる,3
1453,attempt,【名】試み；攻撃 【他】を試みる；…しようとする（to do）,4
1454,superior,【形】優れた；上部（位）の 【名】上司,5
1455,inferior,【形】劣った,5
1456,fever,【名】熱；熱狂,4
1457,headache,【名】頭痛（の種）,4
1458,stroke,【名】（脳）卒中；一撃 【他】をなでる,4
1459,flu,【名】（通例the）インフルエンザ（influenzaの略）,4
1460,obesity,【名】（病的）肥満,6
1461,overweight,【形】太りすぎの,5
1462,fat,【形】太っている 【名】脂肪（分）,3
1463,lean,【形】（筋肉質で）やせた 【自】傾く；上体を曲げる,5
1464,thin,【形】薄い；細い；（病気などで）やせた,2
1465,thick,【形】（分）厚い；太い；（液体・気体が）濃い,2
1466,support,【他】を支持する；を支える 【名】支持；支え,2
1467,argue,【他】【自】主張する（≒insist）；議論する（≒discuss）,5
1468,patient,【名】患者 【形】忍耐強い,4
1469,reject,【他】（申し出など）を拒絶する,3
1470,practically,【副】ほとんど（≒almost）；実際的に；事実上,6
1471,receive,【他】を受け取る；を被る,2
1472,inherit,【自】【他】受け継ぐ；相続する,4
1473,ban,【他】（公式に）を禁止する 【名】禁止（令）,4
1474,limit,【他】を制限する 【名】制限（on）；限界,3
1475,confine,【他】を制限する；を閉じこめる,6
1476,restrict,【他】を制限する,6
1477,promote,【他】を促進する；を昇進させる,5
1478,boost,【他】【名】を高める（こと）,5
1479,foster,【他】を促進する；（他人の子供）を養育する 【形】里親〔里子〕の,5
1480,maintain,【他】を主張する（≒insist）；を維持する,5
1481,retain,【他】を保つ,5
1482,sustain,【他】を持続させる；（人）を支える,5
1483,freedom,【名】自由,2
1484,liberty,【名】（拘束などのない）自由,4
1485,generous,【形】寛大な；気前の良い,4
1486,seek,"【他】を探し求める（≒look for, search for） / sought>sought",3
1487,consult,【他】（辞書など）を調べる；（専門家）に相談する（≒seek advice from ～）,4
1488,unless,【接】…でない限り,4
1489,harmful,【形】害のある,5
1490,issue,【名】問題（点）；発行（物） 【名】（声明・本など）を出す,5
1491,article,【名】記事；品物；条項,5
1492,item,【名】（記事などの）１項目；項目；品目,4
1493,organization,【名】組織（化）；団体,4
1494,preparation,【名】準備,4
1495,arrangement,【名】手配；配置；取り決め,5
1496,smart,【形】頭の良い；洗練された,4
1497,wise,【形】（判断・行為などが）賢い,4
1498,crop,【名】（穀物などの）作物；収穫高,4
1499,harvest,【名】収穫（物；期） 【他】を収穫する,5
1500,grain,【名】穀物；わずか,4
1501,wheat,【名】小麦,3
1502,provide,"【他】を提供する 【自】養う（for）；備える（for, against）",4
1503,supply,【名】供給（量）（⇔demand）；必需品 【他】を供給する（≒provide）,5
1504,equipment,【名】装備；備品,6
1505,serious,【形】重大な；まじめな,3
1506,grave,【形】重大な；真剣な 【名】墓穴,6
1507,disease,【名】病気（≒illness）,4
1508,cancer,【名】がん,6
1509,policy,【名】政策；信条,6
1510,age,【名】年齢；年代；老年；（歴史上の）時代 【自】年を取る,2
1511,era,【名】（政治・歴史上重要な）時代,5
1512,diet,【名】食事；ダイエット；（the D-）国会 【自】ダイエットをする,6
1513,parliament,【名】議会；《英》国会,6
1514,shape,【名】状態（≒condition）；（体）形,3
1515,global,【形】世界的な；全体的な,5
1516,worldwide,【形】世界的な 【副】世界中で〔に〕,6
1517,nutrition,【名】栄養（物；摂取）,6
1518,protein,【名】タンパク質,5
1519,fundamental,【形】基本的な；必須の（to）（≒basic） 【名】【複】基本,5
1520,radical,【形】根本的な；急進的な,6
1521,access,【名】利用権（to）；接近 【他】にアクセスする,5
1522,case,【名】症例；実例；場合；事件；主張；論拠；（the）事実；箱,4
1523,deal,【名】程度；量；取引 【自】扱う；取引する（with）dealt>dealt,4
1524,negotiate,【自】交渉する 【他】を交渉して取り決める,6
1525,cope,【自】うまく処理する（with）,6
1526,bear,【他】に耐える；を支える；（責任）を持つ；（子）を産む 【名】クマ / bore>born(e),4
1527,endure,【他】に耐える,6
1528,compromise,【名】【自】妥協（する）,6
1529,handful,【名】（a ~ of ...）１つかみの量の…,4
1530,nobody,【代】誰も…ない 【名】無名の人,3
1531,impact,【名】影響；衝撃；衝突,6
1532,iron,【名】鉄,3
1533,bit,【名】（a ～）少し,3
1534,tiny,【形】とても小さい；ごくわずかの,4
1535,somewhat,【副】いくぶん（≒rather）,5
1536,meal,【名】食事,3
1537,consume,【他】（エネルギー・時間など）を消費する（⇔produce）,6
1538,somebody,【代】誰か 【名】名のある人,3
1539,benefit,"【名】恩恵；利益（≒advantage, profit） 【自】利益を得る（≒profit） 【他】に利益を与える",4
1540,well-being,【名】福利；健康；幸福,6
1541,welfare,【名】福祉（事業）；繁栄；幸福,6
1542,intense,【形】（熱などが）強烈な；（感情・行動などが）激しい,5
1543,assistant,【名】助手,4
1544,aid,【名】支援；救援（物資） 【他】を援助する 【自】助けとなる,4
1545,professor,【名】教授,6
1546,specialist,【名】専門家,6
1547,marketing,【名】マーケティング,6
1548,finding,【名】発見（物）；報告；判決（≒judgment）,6
1549,colleague,【名】同僚,6
1550,fellow,【名】仲間；やつ（≒guy）,4
1551,enemy,【名】敵（軍）,2
1552,guy,【名】やつ；男（≒fellow）,4
1553,flood,【他】（be -ed with）（物などで場所などが）あふれる；を水浸しにする 【名】洪水,3
1554,pour,【他】を注ぐ 【自】（雨が）どしゃ降りにふる；流れ出る,4
1555,flow,【自】（川や情報などが）流れる 【名】流れ,4
1556,slide,【自】【他】【名】すべる〔すべらせる〕（こと）,4
1557,stream,【名】小川；流れ,4
1558,canal,【名】運河,4
1559,glacier,【名】氷河,6
1560,fountain,【名】噴水；泉,4
1561,piece,【名】（a ～ of ...）１つの…；部品,2
1562,portion,【名】部分；分け前,4
1563,manufacturer,【名】製造業者〔メーカー〕,6
1564,company,【名】会社；同席,3
1565,mate,【名】仲間；つれあい（＝妻・夫） 【自】（動物が）つがう,6
1566,accompany,【他】に同行する；に付随して起こる,5
1567,enterprise,【名】企業；事業；冒険心,6
1568,brand,【名】ブランド；銘柄,5
1569,emerge,【自】（事実が）明らかになる；現れる；（困難から）抜け出す（from）,5
1570,knowledge,【名】知識；認識,2
1571,examine,【他】を調べる；を診察する,4
1572,scan,【自】【他】細かく調べる；ざっと見る；（書類等を）スキャンする；X線〔超音波〕検査をする 【名】綿密な検査；X線〔超音波〕検査,6
1573,despite,【前】にもかかわらず（≒in spite of ～）,3
1574,importance,【名】重要性,4
1575,significance,【名】意義；重要性,6
1576,quality,【名】質（⇔quantity）；特注,3
1577,title,【名】肩書；タイトル；作品,2
1578,lesson,【名】教訓；レッスン；授業,2
1579,lecture,【名】講義；講演 【自】【他】講義〔講演〕する,5
1580,essay,【名】（学生に課される）レポート；エッセイ,5
1581,preserve,【他】を維持する；を保存する,4
1582,conservation,【名】（資源）保護,6
1583,according,【副】一致して；したがって,6
1584,committee,【名】（集合的に）委員会；（全）委員,6
1585,average,【名】平均 【形】平均的な,3
1586,maximum,【名】【形】最大限（の）,4
1587,minimum,【名】【形】最低限（の）,4
1588,daily,【形】【副】日常（の）；毎日（の）,3
1589,annual,【形】年１回の；１年間の,4
1590,last,【形】（the）最後の；この前の 【自】続く；長持ちする,2
1591,persist,【自】いつまでも続く；固執する（in）,6
1592,steady,【形】一定の；安定した,4
1593,stable,【形】安定した,4
1594,decline,【名】減少；衰退；低下 【自】減少する；衰退する 【他】を断る,4
1595,option,【名】選択肢；選択（権の自由）,5
1596,adopt,【他】を採用する；を養子にする,4
1597,kid,【名】子供 【自】冗談を言う,2
1598,kindergarten,【名】幼稚園,1
1599,schedule,【名】スケジュール 【他】を予定する,3
1600,routine,【名】日課 【形】型通りの,4
1601,scheme,【名】計画；悪だくみ 【自】【他】たくらむ,6
1602,teenager,【名】１０代の若者（通例13～19歳）,3
1603,single,"【形】（最上級を強調）まさに；ただ１つの；（each, everyを強調）個々の；独身の；１人用の",3
1604,sole,【形】唯一の；単独の,5
1605,mere,【形】単なる；ほんの,5
1606,factor,【名】要因；因子,6
1607,element,【名】要素；元素；（the【複】）基礎；（the【複】）自然の力,5
1608,predict,【他】を予言〔予測〕する,5
1609,forecast,【他】（天気）を予報する；を予想する 【名】予報〔予想〕,6
1610,achievement,【名】学業（成績）；業績；達成,5
1611,accomplish,【他】を成し遂げる,6
1612,attain,【他】を成し遂げる；に達する,6
1613,score,【名】（試合・試験の）得点；楽譜 【自】【他】得点する,3
1614,far,【副】大いに；（時間・空間的に）遠くへ 【形】遠い,1
1615,worship,【自】礼拝する 【他】を崇拝する 【名】崇拝；礼拝,4
1616,art,【名】芸術（作品）；美術；技術,3
1617,nearly,【副】ほとんど,4
1618,adolescent,【名】青年 【形】青年期の,5
1619,cite,【他】を引用する；（例などとして）を挙げる（as）,5
1620,quote,【他】を引用する,4
1621,poll,【名】世論調査；（the）投票 【自】【他】投票する,6
1622,pole,【名】棒；（地球・天体の）極,4
1623,rate,【他】を評価する 【名】割合（≒ratio）；速度；料金,4
1624,pace,【名】歩調；進度,5
1625,enough,【形】十分な 【副】十分に 【代】必要なだけの数量,1